{
  "bbox_xywh": [
    176,
    144,
    288,
    432
  ],
  "centroid_xy": [
    320.0,
    360.0
  ],
  "landmarks_norm": [
    [
      0.8199999928474426,
      0.5
    ],
    [
      0.8186349272727966,
      0.5387526750564575
    ],
    [
      0.8145514130592346,
      0.5771747827529907
    ],
    [
      0.8077841997146606,
      0.6149384379386902
    ],
    [
      0.7983911037445068,
      0.6517215371131897
    ],
    [
      0.7864522337913513,
      0.6872100830078125
    ],
    [
      0.77206951379776,
      0.7211014628410339
    ],
    [
      0.7553655505180359,
      0.7531065940856934
    ],
    [
      0.7364828586578369,
      0.7829521894454956
    ],
    [
      0.7155826091766357,
      0.8103837370872498
    ],
    [
      0.6928430795669556,
      0.8351672291755676
    ],
    [
      0.6684582829475403,
      0.8570911884307861
    ],
    [
      0.6426362991333008,
      0.8759685754776001
    ],
    [
      0.6155973672866821,
      0.8916383385658264
    ],
    [
      0.5875721573829651,
      0.9039667844772339
    ],
    [
      0.5587998628616333,
      0.912848711013794
    ],
    [
      0.529525876045227,
      0.9182083606719971
    ],
    [
      0.5,
      0.9200000166893005
    ],
    [
      0.47047412395477295,
      0.9182083606719971
    ],
    [
      0.4412001371383667,
      0.912848711013794
    ],
    [
      0.4124278426170349,
      0.9039667844772339
    ],
    [
      0.38440266251564026,
      0.8916383385658264
    ],
    [
      0.3573637306690216,
      0.8759685754776001
    ],
    [
      0.33154168725013733,
      0.8570911884307861
    ],
    [
      0.30715692043304443,
      0.8351672291755676
    ],
    [
      0.28441739082336426,
      0.8103837370872498
    ],
    [
      0.2635171413421631,
      0.7829521894454956
    ],
    [
      0.2446344941854477,
      0.7531065940856934
    ],
    [
      0.22793051600456238,
      0.7211014628410339
    ],
    [
      0.2135477513074875,
      0.6872100830078125
    ],
    [
      0.20160888135433197,
      0.6517215371131897
    ],
    [
      0.19221580028533936,
      0.6149384379386902
    ],
    [
      0.18544860184192657,
      0.5771747827529907
    ],
    [
      0.18136507272720337,
      0.5387526750564575
    ],
    [
      0.18000000715255737,
      0.5
    ],
    [
      0.18136507272720337,
      0.4612472951412201
    ],
    [
      0.18544860184192657,
      0.4228252172470093
    ],
    [
      0.19221580028533936,
      0.3850615322589874
    ],
    [
      0.20160888135433197,
      0.3482784926891327
    ],
    [
      0.2135477513074875,
      0.3127898871898651
    ],
    [
      0.22793051600456238,
      0.2788984775543213
    ],
    [
      0.2446344941854477,
      0.24689346551895142
    ],
    [
      0.2635171413421631,
      0.2170478254556656
    ],
    [
      0.28441739082336426,
      0.18961626291275024
    ],
    [
      0.30715692043304443,
      0.16483277082443237
    ],
    [
      0.33154168725013733,
      0.14290879666805267
    ],
    [
      0.3573637306690216,
      0.1240314170718193
    ],
    [
      0.38440266251564026,
      0.10836166888475418
    ],
    [
      0.4124278426170349,
      0.09603323042392731
    ],
    [
      0.4412001371383667,
      0.08715129643678665
    ],
    [
      0.47047412395477295,
      0.08179164677858353
    ],
    [
      0.5,
      0.08000000566244125
    ],
    [
      0.529525876045227,
      0.08179164677858353
    ],
    [
      0.5587998628616333,
      0.08715129643678665
    ],
    [
      0.5875721573829651,
      0.09603323042392731
    ],
    [
      0.6155973672866821,
      0.10836166888475418
    ],
    [
      0.6426362991333008,
      0.1240314170718193
    ],
    [
      0.6684582829475403,
      0.14290879666805267
    ],
    [
      0.6928430795669556,
      0.16483277082443237
    ],
    [
      0.7155826091766357,
      0.18961626291275024
    ],
    [
      0.7364828586578369,
      0.2170478254556656
    ],
    [
      0.7553655505180359,
      0.24689346551895142
    ],
    [
      0.77206951379776,
      0.2788984775543213
    ],
    [
      0.7864522337913513,
      0.3127898871898651
    ],
    [
      0.7983911037445068,
      0.3482784926891327
    ],
    [
      0.8077841997146606,
      0.3850615322589874
    ],
    [
      0.8145514130592346,
      0.4228252172470093
    ],
    [
      0.8186349272727966,
      0.4612472951412201
    ]
  ],
  "contour_norm": [
    [
      0.8199999928474426,
      0.5
    ],
    [
      0.8145514130592346,
      0.5771747827529907
    ],
    [
      0.7983911037445068,
      0.6517215371131897
    ],
    [
      0.77206951379776,
      0.7211014628410339
    ],
    [
      0.7364828586578369,
      0.7829521894454956
    ],
    [
      0.6928430795669556,
      0.8351672291755676
    ],
    [
      0.6426362991333008,
      0.8759685754776001
    ],
    [
      0.5875721573829651,
      0.9039667844772339
    ],
    [
      0.5,
      0.9200000166893005
    ],
    [
      0.4412001371383667,
      0.912848711013794
    ],
    [
      0.38440266251564026,
      0.8916383385658264
    ],
    [
      0.33154168725013733,
      0.8570911884307861
    ],
    [
      0.28441739082336426,
      0.8103837370872498
    ],
    [
      0.2446344941854477,
      0.7531065940856934
    ],
    [
      0.2135477513074875,
      0.6872100830078125
    ],
    [
      0.19221580028533936,
      0.6149384379386902
    ],
    [
      0.18000000715255737,
      0.5
    ],
    [
      0.18544860184192657,
      0.4228252172470093
    ],
    [
      0.20160888135433197,
      0.3482784926891327
    ],
    [
      0.22793051600456238,
      0.2788984775543213
    ],
    [
      0.2635171413421631,
      0.2170478254556656
    ],
    [
      0.30715692043304443,
      0.16483277082443237
    ],
    [
      0.3573637306690216,
      0.1240314170718193
    ],
    [
      0.4124278426170349,
      0.09603323042392731
    ],
    [
      0.5,
      0.08000000566244125
    ],
    [
      0.5587998628616333,
      0.08715129643678665
    ],
    [
      0.6155973672866821,
      0.10836166888475418
    ],
    [
      0.6684582829475403,
      0.14290879666805267
    ],
    [
      0.7155826091766357,
      0.18961626291275024
    ],
    [
      0.7553655505180359,
      0.24689346551895142
    ],
    [
      0.7864522337913513,
      0.3127898871898651
    ],
    [
      0.8077841997146606,
      0.3850615322589874
    ]
  ],
  "radial_distances": [
    0.21296296296296297,
    0.2662037037037037,
    0.41898148148148145,
    0.26851851851851855,
    0.2152777777777778,
    0.26851851851851855,
    0.4212962962962963,
    0.26851851851851855
  ],
  "orientation_ypr": [
    -1.059638137235197e-07,
    7.064254248234647e-08,
    0.0
  ],
  "skin_rgb_norm": [
    0.30059698713293487,
    0.30085730778541236,
    0.2720253989535035
  ],
  "descriptor_dim": 214
}